{"count":1,"self":54.304876799999995,"total":54.5213274,"children":{"InitializeActuators":{"count":1,"self":0.0029777,"total":0.0029777,"children":null},"InitializeSensors":{"count":1,"self":0.0060180999999999993,"total":0.0060180999999999993,"children":null},"AgentSendState":{"count":2429,"self":0.058614799999999995,"total":0.0937181,"children":{"CollectObservations":{"count":486,"self":0.0160684,"total":0.0160684,"children":null},"WriteActionMask":{"count":486,"self":0.0029988999999999997,"total":0.0029988999999999997,"children":null},"RequestDecision":{"count":486,"self":0.0070015,"total":0.016035999999999998,"children":{"RayPerceptionSensor.Perceive":{"count":1458,"self":0.0090344999999999991,"total":0.0090344999999999991,"children":null}}}}},"DecideAction":{"count":2429,"self":0.027071099999999997,"total":0.027071099999999997,"children":null},"AgentAct":{"count":2429,"self":0.0866667,"total":0.0866667,"children":null}},"gauges":{},"metadata":{"timer_format_version":"0.1.0","start_time_seconds":"1680500283","unity_version":"2021.3.9f1","command_line_arguments":"C:\\Program Files\\Unity\\Hub\\Editor\\2021.3.9f1\\Editor\\Unity.exe -projectpath C:\\Users\\Kermit\\Contacts\\Desktop\\FinchIsland -useHub -hubIPC -cloudEnvironment production -licensingIpc LicenseClient-Kermit -hubSessionId 88f73320-cf18-11ed-87ac-df3ebcfc00a6","communication_protocol_version":"1.5.0","com.unity.ml-agents_version":"2.0.1","scene_name":"GeraldFlying","end_time_seconds":"1680500338"}}