{"count":1,"self":83.9879808,"total":84.0039857,"children":{"InitializeActuators":{"count":2,"self":0.0010000999999999999,"total":0.0010000999999999999,"children":null},"InitializeSensors":{"count":2,"self":0.0020001999999999997,"total":0.0020001999999999997,"children":null},"AgentSendState":{"count":477,"self":0.0029996999999999997,"total":0.0070041999999999995,"children":{"CollectObservations":{"count":192,"self":0.0010065,"total":0.0010065,"children":null},"WriteActionMask":{"count":192,"self":0.001,"total":0.001,"children":null},"RequestDecision":{"count":192,"self":0,"total":0.0019979999999999998,"children":{"RayPerceptionSensor.Perceive":{"count":576,"self":0.0019979999999999998,"total":0.0019979999999999998,"children":null}}}}},"DecideAction":{"count":477,"self":0.0019998,"total":0.0019998,"children":null},"AgentAct":{"count":477,"self":0.0040003999999999994,"total":0.0040003999999999994,"children":null}},"gauges":{},"metadata":{"timer_format_version":"0.1.0","start_time_seconds":"1682273395","unity_version":"2021.3.21f1","command_line_arguments":"C:\\Program Files\\Unity\\Hub\\Editor\\2021.3.21f1\\Editor\\Unity.exe -projectpath D:\\Unity Projects\\FinchIslands\\FinchIsland -useHub -hubIPC -cloudEnvironment production -licensingIpc LicenseClient-Matthew -hubSessionId 0ae05550-e1f3-11ed-bc28-29536a8018af -accessToken _mlmUdANCmSHNq9T4qTHeKS7o32ZtQr5i3myF0txLC8001f","communication_protocol_version":"1.5.0","com.unity.ml-agents_version":"2.0.1","scene_name":"Simulation","end_time_seconds":"1682273479"}}