{
    "name": "root",
    "metadata": {
        "timer_format_version": "0.1.0",
        "start_time_seconds": "1681487342",
        "python_version": "3.9.7 (tags/v3.9.7:1016ef3, Aug 30 2021, 20:19:38) [MSC v.1929 64 bit (AMD64)]",
        "command_line_arguments": "C:\\Users\\Kermit\\AppData\\Local\\Programs\\Python\\Python39\\Scripts\\mlagents-learn ./gTraining.yaml --force",
        "mlagents_version": "0.29.0",
        "mlagents_envs_version": "0.29.0",
        "communication_protocol_version": "1.5.0",
        "pytorch_version": "1.7.1+cpu",
        "numpy_version": "1.21.2",
        "end_time_seconds": "1681487650"
    },
    "total": 307.8216856,
    "count": 1,
    "self": 0.027617300000031264,
    "children": {
        "run_training.setup": {
            "total": 0.8909818999999999,
            "count": 1,
            "self": 0.8909818999999999
        },
        "TrainerController.start_learning": {
            "total": 306.9030864,
            "count": 1,
            "self": 0.5116196999986187,
            "children": {
                "TrainerController._reset_env": {
                    "total": 16.3236114,
                    "count": 1,
                    "self": 16.3236114
                },
                "TrainerController.advance": {
                    "total": 289.6372069000014,
                    "count": 8641,
                    "self": 0.5231135000006475,
                    "children": {
                        "env_step": {
                            "total": 285.77835350000026,
                            "count": 8641,
                            "self": 258.6976146000007,
                            "children": {
                                "SubprocessEnvManager._take_step": {
                                    "total": 26.755270900000173,
                                    "count": 8641,
                                    "self": 1.5859513999991215,
                                    "children": {
                                        "TorchPolicy.evaluate": {
                                            "total": 25.169319500001052,
                                            "count": 8641,
                                            "self": 4.434859400000796,
                                            "children": {
                                                "TorchPolicy.sample_actions": {
                                                    "total": 20.734460100000256,
                                                    "count": 8641,
                                                    "self": 20.734460100000256
                                                }
                                            }
                                        }
                                    }
                                },
                                "workers": {
                                    "total": 0.32546799999941456,
                                    "count": 8640,
                                    "self": 0.0,
                                    "children": {
                                        "worker_root": {
                                            "total": 180.16717789999967,
                                            "count": 8640,
                                            "is_parallel": true,
                                            "self": 53.24151990000033,
                                            "children": {
                                                "steps_from_proto": {
                                                    "total": 0.006266500000002395,
                                                    "count": 1,
                                                    "is_parallel": true,
                                                    "self": 0.0003702000000025407,
                                                    "children": {
                                                        "_process_rank_one_or_two_observation": {
                                                            "total": 0.0058962999999998544,
                                                            "count": 8,
                                                            "is_parallel": true,
                                                            "self": 0.0058962999999998544
                                                        }
                                                    }
                                                },
                                                "UnityEnvironment.step": {
                                                    "total": 126.91939149999934,
                                                    "count": 8640,
                                                    "is_parallel": true,
                                                    "self": 1.9741828999982687,
                                                    "children": {
                                                        "UnityEnvironment._generate_step_input": {
                                                            "total": 1.4816109000011757,
                                                            "count": 8640,
                                                            "is_parallel": true,
                                                            "self": 1.4816109000011757
                                                        },
                                                        "communicator.exchange": {
                                                            "total": 114.55231090000144,
                                                            "count": 8640,
                                                            "is_parallel": true,
                                                            "self": 114.55231090000144
                                                        },
                                                        "steps_from_proto": {
                                                            "total": 8.911286799998454,
                                                            "count": 8640,
                                                            "is_parallel": true,
                                                            "self": 3.471084099999384,
                                                            "children": {
                                                                "_process_rank_one_or_two_observation": {
                                                                    "total": 5.44020269999907,
                                                                    "count": 69120,
                                                                    "is_parallel": true,
                                                                    "self": 5.44020269999907
                                                                }
                                                            }
                                                        }
                                                    }
                                                }
                                            }
                                        }
                                    }
                                }
                            }
                        },
                        "trainer_advance": {
                            "total": 3.335739900000455,
                            "count": 8640,
                            "self": 0.5099172999998984,
                            "children": {
                                "process_trajectory": {
                                    "total": 2.8258226000005564,
                                    "count": 8640,
                                    "self": 2.8258226000005564
                                }
                            }
                        }
                    }
                },