{
    "name": "root",
    "gauges": {
        "Bird.Policy.Entropy.mean": {
            "value": 1.4189382791519165,
            "min": 1.4189382791519165,
            "max": 1.4189382791519165,
            "count": 2
        },
        "Bird.Policy.Entropy.sum": {
            "value": 14203.572265625,
            "min": 5346.5595703125,
            "max": 14203.572265625,
            "count": 2
        },
        "Bird.Step.mean": {
            "value": 29919.0,
            "min": 19920.0,
            "max": 29919.0,
            "count": 2
        },
        "Bird.Step.sum": {
            "value": 29919.0,
            "min": 19920.0,
            "max": 29919.0,
            "count": 2
        },
        "Bird.Policy.ExtrinsicValueEstimate.mean": {
            "value": 1.868564248085022,
            "min": 0.7368983030319214,
            "max": 1.868564248085022,
            "count": 2
        },
        "Bird.Policy.ExtrinsicValueEstimate.sum": {
            "value": 149.48513793945312,
            "min": 21.37005043029785,
            "max": 149.48513793945312,
            "count": 2
        },
        "Bird.Environment.EpisodeLength.mean": {
            "value": 998.9,
            "min": 998.9,
            "max": 999.0,
            "count": 2
        },
        "Bird.Environment.EpisodeLength.sum": {
            "value": 9989.0,
            "min": 2997.0,
            "max": 9989.0,
            "count": 2
        },
        "Bird.Environment.CumulativeReward.mean": {
            "value": -85.68818564414978,
            "min": -85.68818564414978,
            "max": -9.171867529551188,
            "count": 2
        },
        "Bird.Environment.CumulativeReward.sum": {
            "value": -856.8818564414978,
            "min": -856.8818564414978,
            "max": -27.515602588653564,
            "count": 2
        },
        "Bird.Policy.ExtrinsicReward.mean": {
            "value": -85.68818564414978,
            "min": -85.68818564414978,
            "max": -9.171867529551188,
            "count": 2
        },
        "Bird.Policy.ExtrinsicReward.sum": {
            "value": -856.8818564414978,
            "min": -856.8818564414978,
            "max": -27.515602588653564,
            "count": 2
        },
        "Bird.IsTraining.mean": {
            "value": 1.0,
            "min": 1.0,
            "max": 1.0,
            "count": 2
        },
        "Bird.IsTraining.sum": {
            "value": 1.0,
            "min": 1.0,
            "max": 1.0,
            "count": 2
        }
    },
    "metadata": {
        "timer_format_version": "0.1.0",
        "start_time_seconds": "1681229695",
        "python_version": "3.9.7 (tags/v3.9.7:1016ef3, Aug 30 2021, 20:19:38) [MSC v.1929 64 bit (AMD64)]",
        "command_line_arguments": "C:\\Users\\Kermit\\AppData\\Local\\Programs\\Python\\Python39\\Scripts\\mlagents-learn ./gTraining.yaml --resume",
        "mlagents_version": "0.29.0",
        "mlagents_envs_version": "0.29.0",
        "communication_protocol_version": "1.5.0",
        "pytorch_version": "1.7.1+cpu",
        "numpy_version": "1.21.2",
        "end_time_seconds": "1681229961"
    },
    "total": 265.54567319999995,
    "count": 1,
    "self": 10.01178559999991,
    "children": {
        "run_training.setup": {
            "total": 0.41322980000000076,
            "count": 1,
            "self": 0.41322980000000076
        },
        "TrainerController.start_learning": {
            "total": 255.12065780000003,
            "count": 1,
            "self": 0.7430328999980134,
            "children": {
                "TrainerController._reset_env": {
                    "total": 13.4918084,
                    "count": 1,
                    "self": 13.4918084
                },
                "TrainerController.advance": {
                    "total": 240.64087090000203,
                    "count": 14667,
                    "self": 0.7268642000031775,
                    "children": {
                        "env_step": {
                            "total": 236.42941179999877,
                            "count": 14667,
                            "self": 208.317865799996,
                            "children": {
                                "SubprocessEnvManager._take_step": {
                                    "total": 27.682401400000643,
                                    "count": 14668,
                                    "self": 2.0880621000030892,
                                    "children": {
                                        "TorchPolicy.evaluate": {
                                            "total": 25.594339299997554,
                                            "count": 14668,
                                            "self": 5.546415499999586,
                                            "children": {
                                                "TorchPolicy.sample_actions": {
                                                    "total": 20.047923799997967,
                                                    "count": 14668,
                                                    "self": 20.047923799997967
                                                }
                                            }
                                        }
                                    }
                                },
                                "workers": {
                                    "total": 0.4291446000021324,
                                    "count": 14666,
                                    "self": 0.0,
                                    "children": {
                                        "worker_root": {
                                            "total": 226.27891229999807,
                                            "count": 14666,
                                            "is_parallel": true,
                                            "self": 63.629649299997,
                                            "children": {
                                                "steps_from_proto": {
                                                    "total": 0.001690100000001138,
                                                    "count": 2,
                                                    "is_parallel": true,
                                                    "self": 0.0005755999999994543,
                                                    "children": {
                                                        "_process_rank_one_or_two_observation": {
                                                            "total": 0.0011145000000016836,
                                                            "count": 16,
                                                            "is_parallel": true,
                                                            "self": 0.0011145000000016836
                                                        }
                                                    }
                                                },
                                                "UnityEnvironment.step": {
                                                    "total": 162.64757290000108,
                                                    "count": 14666,
                                                    "is_parallel": true,
                                                    "self": 3.0311196000025404,
                                                    "children": {
                                                        "UnityEnvironment._generate_step_input": {
                                                            "total": 2.383467599999669,
                                                            "count": 14666,
                                                            "is_parallel": true,
                                                            "self": 2.383467599999669
                                                        },